ID;"1 English";"2 French";"3 German";"4 Spanish";"5 Italian";Abbreviation;Icon;"Release Date";"Is Released";"Game ID"
1407;"Magic the Gathering Products";"Magic the Gathering Products";"Magic the Gathering Products";"Magic the Gathering Products";"Magic the Gathering Products";MTGP;202;1900-01-01T00:00:00+0100;1;1
1408;"Filler Cards";"Filler Cards";"Filler Cards";"Filler Cards";"Filler Cards";MGFC;203;1900-01-01T00:00:00+0100;1;1
1249;Promos;Promos;Promos;Promos;Promos;PROM;179;1993-01-01T00:00:00+0100;1;1
1281;"Your Move Games Tokens";"Your Move Games Tokens";"Your Move Games Spielsteine";"Your Move Games Tokens";"Your Move Games Tokens";YMGT;193;1993-01-01T00:00:00+0100;1;1
1438;"Starcity Games: Justin Treadway Tokens";"Starcity Games: Justin Treadway Tokens";"Starcity Games: Justin Treadway Tokens";"Starcity Games: Justin Treadway Tokens";"Starcity Games: Justin Treadway Tokens";SCT2;217;1993-01-01T00:00:00+0100;1;1
1499;"Custom Tokens";"Custom Tokens";"Custom Tokens";"Custom Tokens";"Custom Tokens";MKMT;257;1993-01-01T00:00:00+0100;1;1
1500;"Starcity Games: Commemorative Tokens";"Starcity Games: Commemorative Tokens";"Starcity Games: Commemorative Tokens";"Starcity Games: Commemorative Tokens";"Starcity Games: Commemorative Tokens";SCT3;217;1993-01-01T00:00:00+0100;1;1
1501;"Starcity Games: Creature Collection";"Starcity Games: Creature Collection";"Starcity Games: Creature Collection";"Starcity Games: Creature Collection";"Starcity Games: Creature Collection";SCCC;217;1993-01-01T00:00:00+0100;1;1
1502;"Tokens for MTG";"Tokens for MTG";"Tokens for MTG";"Tokens for MTG";"Tokens for MTG";MSTK;258;1993-01-01T00:00:00+0100;1;1
1511;"Tierra Media Tokens";"Tierra Media Tokens";"Tierra Media Tokens";"Tierra Media Tokens";"Tierra Media Tokens";TMP;261;1993-01-01T00:00:00+0100;1;1
1512;"Starcity Games: Kristen Plescow Tokens";"Starcity Games: Kristen Plescow Tokens";"Starcity Games: Kristen Plescow Tokens";"Starcity Games: Kristen Plescow Tokens";"Starcity Games: Kristen Plescow Tokens";SCT4;217;1993-01-01T00:00:00+0100;1;1
1514;"Starcity Games: Token Series One";"Starcity Games: Token Series One";"Starcity Games: Token Series One";"Starcity Games: Token Series One";"Starcity Games: Token Series One";SCT1;217;1993-01-01T00:00:00+0100;1;1
1515;"TokyoMTG Products";"TokyoMTG Products";"TokyoMTG Products";"TokyoMTG Products";"TokyoMTG Products";TOKY;262;1993-01-01T00:00:00+0100;1;1
1594;"League Promos";"League Promos";"League Promos";"League Promos";"League Promos";LET;333;1993-01-01T00:00:00+0100;1;1
1642;"GamingEtc Tokens";"GamingEtc Tokens";"GamingEtc Tokens";"GamingEtc Tokens";"GamingEtc Tokens";GETC;363;1993-01-01T00:00:00+0100;1;1
1659;"Yummy Tokens";"Yummy Tokens";"Yummy Tokens";"Yummy Tokens";"Yummy Tokens";YUM;371;1993-01-01T00:00:00+0100;1;1
1691;"GnD Cards";"GnD Cards";"GnD Cards";"GnD Cards";"GnD Cards";GnDT;380;1993-01-01T00:00:00+0100;1;1
1705;"Javi Alterations Tokens";"Javi Alterations Tokens";"Javi Alterations Tokens";"Javi Alterations Tokens";"Javi Alterations Tokens";JAT;385;1993-01-01T00:00:00+0100;1;1
1765;"Mezzocielo & Friends Mini Tokens";"Mezzocielo & Friends Mini Tokens";"Mezzocielo & Friends Mini Tokens";"Mezzocielo & Friends Mini Tokens";"Mezzocielo & Friends Mini Tokens";MFMT;405;1993-01-01T00:00:00+0100;1;1
1809;"Standard Series Promos";"Standard Series Promos";"Standard Series Promos";"Standard Series Promos";"Standard Series Promos";SSP;411;1993-01-01T00:00:00+0100;1;1
1833;"Rk post Products";"Rk post Products";"Rk post Products";"Rk post Products";"Rk post Products";RKP;423;1993-01-01T00:00:00+0100;1;1
1834;"Mezzocielo & Friends Classic Tokens";"Mezzocielo & Friends Classic Tokens";"Mezzocielo & Friends Classic Tokens";"Mezzocielo & Friends Classic Tokens";"Mezzocielo & Friends Classic Tokens";MFCT;405;1993-01-01T00:00:00+0100;1;1
2114;"Johannes Voss Tokens";"Johannes Voss Tokens";"Johannes Voss Tokens";"Johannes Voss Tokens";"Johannes Voss Tokens";JVT;462;1993-01-01T00:00:00+0100;1;1
2360;"Old School Tokens";"Old School Tokens";"Old School Tokens";"Old School Tokens";"Old School Tokens";OST;481;1993-01-01T00:00:00+0100;1;1
2417;"Heroes of the Realm Promos";"Heroes of the Realm Promos";"Heroes of the Realm Promos";"Heroes of the Realm Promos";"Heroes of the Realm Promos";HTR;496;1993-01-01T00:00:00+0100;1;1
2457;"Mark Poole Tokens";"Mark Poole Tokens";"Mark Poole Tokens";"Mark Poole Tokens";"Mark Poole Tokens";MPT;509;1993-01-01T00:00:00+0100;1;1
2517;"Aaron Miller Tokens";"Aaron Miller Tokens";"Aaron Miller Tokens";"Aaron Miller Tokens";"Aaron Miller Tokens";TOK1;518;1993-01-01T00:00:00+0100;1;1
2520;"ALRadeck Tokens";"ALRadeck Tokens";"ALRadeck Tokens";"ALRadeck Tokens";"ALRadeck Tokens";TOK2;519;1993-01-01T00:00:00+0100;1;1
2523;"Angelarium Tokens";"Angelarium Tokens";"Angelarium Tokens";"Angelarium Tokens";"Angelarium Tokens";TOK3;520;1993-01-01T00:00:00+0100;1;1
2526;"Cardamajigs Tokens";"Cardamajigs Tokens";"Cardamajigs Tokens";"Cardamajigs Tokens";"Cardamajigs Tokens";TOK4;521;1993-01-01T00:00:00+0100;1;1
2529;"Cats & Cantrips Tokens";"Cats & Cantrips Tokens";"Cats & Cantrips Tokens";"Cats & Cantrips Tokens";"Cats & Cantrips Tokens";TOK5;522;1993-01-01T00:00:00+0100;1;1
2532;"Durdling Around Tokens";"Durdling Around Tokens";"Durdling Around Tokens";"Durdling Around Tokens";"Durdling Around Tokens";TOK6;523;1993-01-01T00:00:00+0100;1;1
2552;"Givememana's Tokens";"Givememana's Tokens";"Givememana's Tokens";"Givememana's Tokens";"Givememana's Tokens";TOK7;524;1993-01-01T00:00:00+0100;1;1
2557;"Human for Scale Tokens";"Human for Scale Tokens";"Human for Scale Tokens";"Human for Scale Tokens";"Human for Scale Tokens";TOK8;525;1993-01-01T00:00:00+0100;1;1
2562;"Jason Engle Tokens";"Jason Engle Tokens";"Jason Engle Tokens";"Jason Engle Tokens";"Jason Engle Tokens";TOK9;528;1993-01-01T00:00:00+0100;1;1
2567;"Tokens of Spirit";"Tokens of Spirit";"Tokens of Spirit";"Tokens of Spirit";"Tokens of Spirit";TOK10;526;1993-01-01T00:00:00+0100;1;1
2572;"Classic Art Tokens";"Classic Art Tokens";"Classic Art Tokens";"Classic Art Tokens";"Classic Art Tokens";TOK11;527;1993-01-01T00:00:00+0100;1;1
1;Alpha;Alpha;Alpha;Alpha;Alpha;LEA;0;1993-08-01T00:00:00+0200;1;1
2;Beta;Beta;Beta;Beta;Beta;LEB;1;1993-10-01T00:00:00+0100;1;1
3;Unlimited;Unlimited;Unlimitiert;Unlimited;Unlimited;2ED;2;1993-12-01T00:00:00+0100;1;1
4;"Arabian Nights";"Arabian Nights";"Arabian Nights";"Arabian Nights";"Arabian Nights";ARN;3;1993-12-01T00:00:00+0100;1;1
61;"Collectors' Edition";"Collectors' Edition";"Collector's Edition";"Collectors' Edition";"Collectors' Edition";CED;59;1993-12-01T00:00:00+0100;1;1
77;"International Edition";"International Edition";"International Edition";"International Edition";"International Edition";IED;74;1993-12-01T00:00:00+0100;1;1
93;"The Duelist Promos";"The Duelist Promos";"The Duelist Promos";"The Duelist Promos";"The Duelist Promos";TDP;90;1994-01-01T00:00:00+0100;1;1
117;"Armada Comics";"Armada Comics";"Armada Comics";"Armada Comics";"Armada Comics";ARBI;114;1994-01-01T00:00:00+0100;1;1
1367;Misprints;Misprints;Fehldrucke;Misprints;Misprints;MSPR;118;1994-01-01T00:00:00+0100;1;1
5;Antiquities;Antiquities;Antiquities;Antiquities;Antiquities;ATQ;4;1994-03-01T00:00:00+0100;1;1
6;Revised;Revised;Revised;Revised;Revised;3ED;5;1994-04-01T00:00:00+0200;1;1
57;"Foreign Black Bordered";"Foreign Black Bordered";"Foreign Limited";"Foreign Black Bordered";"Foreign Black Bordered";DTL;55;1994-04-01T00:00:00+0200;1;1
7;Legends;Legends;Legends;Legends;Legends;LEG;6;1994-06-01T00:00:00+0200;1;1
76;"Summer Magic";"Summer Magic";"Summer Magic";"Summer Magic";"Summer Magic";SUM;73;1994-07-01T00:00:00+0200;1;1
8;"The Dark";"The Dark";"The Dark";"The Dark";"The Dark";DRK;7;1994-08-01T00:00:00+0200;1;1
71;"Harper Prism Promos";"Harper Prism Promos";"Harper Prism Promos";"Harper Prism Promos";"Harper Prism Promos";HPP;68;1994-09-01T00:00:00+0200;1;1
9;"Fallen Empires";"Fallen Empires";"Fallen Empires";"Fallen Empires";"Fallen Empires";FEM;8;1994-11-01T00:00:00+0100;1;1
1638;"Fallen Empires: Wyvern Misprints";"Fallen Empires: Wyvern Misprints";"Fallen Empires: Wyvern Misprints";"Fallen Empires: Wyvern Misprints";"Fallen Empires: Wyvern Misprints";FEWM;355;1994-11-01T00:00:00+0100;1;1
73;"Foreign White Bordered";"Foreign White Bordered";"Europäisch Unlimitiert";"Foreign White Bordered";"Foreign White Bordered";DTU;70;1995-01-01T00:00:00+0100;1;1
1837;"The Dark Italian";"The Dark Italien";"The Dark Italienisch";"The Dark Italiano";L'Oscurità;DKIT;426;1995-01-01T00:00:00+0100;1;1
1838;"Legends Italian";"Legends Italien";"Legends Italienisch";"Legends Italiano";Leggende;LEIT;425;1995-01-01T00:00:00+0100;1;1
10;"Fourth Edition";"Quatrième Edition";"Vierte Edition";"Cuarta Edición";"Quarta Edizione";4ED;9;1995-04-01T00:00:00+0200;1;1
1332;"Fourth Edition: Black Bordered";"Fourth Edition: Black Bordered";"Vierte Edition: Schwarzrandig";"Fourth Edition: Black Bordered";"Fourth Edition: Black Bordered";4EBB;234;1995-04-01T00:00:00+0200;1;1
1600;"Fourth Edition: Alternate";"Quatrième Edition Alternative";"Vierte Edition: Alternate";"Cuarta Edición Alternativa";"Quarta Edizione Alternativa";4EAT;330;1995-04-01T00:00:00+0200;1;1
11;"Ice Age";"Ere Glaciaire";Eiszeit;"Era Glacial";"Era Glaciale";ICE;10;1995-06-01T00:00:00+0200;1;1
60;Renaissance;Renaissance;Renaissance;Renaissance;Renaissance;RE;58;1995-07-01T00:00:00+0200;1;1
96;Rinascimento;Rinascimento;Rinascimento;Rinascimento;Rinascimento;RI;93;1995-07-01T00:00:00+0200;1;1
12;Chronicles;Chronicles;Chronicles;Chronicles;Chronicles;CHR;11;1995-09-01T00:00:00+0200;1;1
1599;"Chronicles: Japanese";"Chronicles: Japonais";"Chronicles: Japanisch";"Chronicles: Japones";"Chronicles: Japonese";CHRJP;331;1995-09-01T00:00:00+0200;1;1
14;Homelands;"Terres Natales";Heimatländer;"Tierras Natales";Origini;HML;12;1995-11-01T00:00:00+0100;1;1
85;"Introductory Two-Player Set";"Version Simplifiée pour 2 Joueurs Débutants";"Einführungsset für zwei Spieler";"Paquete Introductorio para dos Jugadores";"Set Introduttivo per due Giocatori";IBS;82;1996-01-01T00:00:00+0100;1;1
1451;"Ultra-Pro Puzzle Cards";"Ultra-Pro Puzzle Cards";"Ultra-Pro Puzzle Cards";"Ultra-Pro Puzzle Cards";"Ultra-Pro Puzzle Cards";UPPC;221;1996-01-01T00:00:00+0100;1;1
15;Alliances;Alliances;Allianzen;Alianzas;Alleanze;ALL;13;1996-06-01T00:00:00+0200;1;1
89;"Arena League Promos";"Arena League Promos";"Arena League Promos";"Arena League Promos";"Arena League Promos";ALP;86;1996-07-01T00:00:00+0200;1;1
16;Mirage;Mirage;Trugbilder;Espejismo;Mirage;MIR;14;1996-10-01T00:00:00+0200;1;1
1519;"Multiverse Gift Box";"Multiverse Gift Box";"Multiverse Gift Box";"Multiverse Gift Box";"Multiverse Gift Box";MUL;202;1996-11-01T00:00:00+0100;1;1
121;"Pro Tour 1996: Bertrand Lestree";"Pro Tour 1996: Bertrand Lestree";"Pro Tour 1996: Bertrand Lestree";"Pro Tour 1996: Bertrand Lestree";"Pro Tour 1996: Bertrand Lestree";WCD1;87;1996-12-01T00:00:00+0100;1;1
122;"Pro Tour 1996: Eric Tam";"Pro Tour 1996: Eric Tam";"Pro Tour 1996: Eric Tam";"Pro Tour 1996: Eric Tam";"Pro Tour 1996: Eric Tam";WCD2;87;1996-12-01T00:00:00+0100;1;1
123;"Pro Tour 1996: George Baxter";"Pro Tour 1996: George Baxter";"Pro Tour 1996: George Baxter";"Pro Tour 1996: George Baxter";"Pro Tour 1996: George Baxter";WCD3;87;1996-12-01T00:00:00+0100;1;1
124;"Pro Tour 1996: Leon Lindback";"Pro Tour 1996: Leon Lindback";"Pro Tour 1996: Leon Lindback";"Pro Tour 1996: Leon Lindback";"Pro Tour 1996: Leon Lindback";WCD4;87;1996-12-01T00:00:00+0100;1;1
125;"Pro Tour 1996: Mark Justice";"Pro Tour 1996: Mark Justice";"Pro Tour 1996: Mark Justice";"Pro Tour 1996: Mark Justice";"Pro Tour 1996: Mark Justice";WCD5;87;1996-12-01T00:00:00+0100;1;1
126;"Pro Tour 1996: Michael Locanto";"Pro Tour 1996: Michael Locanto";"Pro Tour 1996: Michael Locanto";"Pro Tour 1996: Michael Locanto";"Pro Tour 1996: Michael Locanto";WCD6;87;1996-12-01T00:00:00+0100;1;1
127;"Pro Tour 1996: Preston Poulter";"Pro Tour 1996: Preston Poulter";"Pro Tour 1996: Preston Poulter";"Pro Tour 1996: Preston Poulter";"Pro Tour 1996: Preston Poulter";WCD7;87;1996-12-01T00:00:00+0100;1;1
128;"Pro Tour 1996: Shawn Regnier";"Pro Tour 1996: Shawn Regnier";"Pro Tour 1996: Shawn Regnier";"Pro Tour 1996: Shawn Regnier";"Pro Tour 1996: Shawn Regnier";WCD8;87;1996-12-01T00:00:00+0100;1;1
25;Portal;Portal;Portal;Portal;Portal;POR;23;1997-01-01T00:00:00+0100;1;1
110;"Oversized 6x9 Promos";"Oversized 6x9 Promos";"Oversized 6x9 Promos";"Oversized 6x9 Promos";"Oversized 6x9 Promos";OS69;107;1997-01-01T00:00:00+0100;1;1
1639;"Oversized 9x12 Promos";"Oversized 9x12 Promos";"Oversized 9x12 Promos";"Oversized 9x12 Promos";"Oversized 9x12 Promos";OS912;107;1997-01-01T00:00:00+0100;1;1
17;Visions;Visions;Visionen;Visiones;Visioni;VIS;15;1997-02-01T00:00:00+0100;1;1
23;"Fifth Edition";"Cinquième Edition";"Fünfte Edition";"Quinta Edición";"Quinta Edizione";5ED;21;1997-03-01T00:00:00+0100;1;1
18;Weatherlight;Aquilon;Wetterlicht;"El Vientoligero";Cavalcavento;WTH;16;1997-06-01T00:00:00+0200;1;1
69;Vanguard;Vanguard;Vanguard;Vanguard;Vanguard;VG;66;1997-07-01T00:00:00+0200;1;1
19;Tempest;Tempête;Sturmwind;Tempestad;Tempesta;TP;17;1997-10-01T00:00:00+0200;1;1
83;"Prerelease Promos";"Prerelease Promos";"Prerelease Promos";"Prerelease Promos";"Prerelease Promos";GDC;80;1997-10-01T00:00:00+0200;1;1
97;"APAC Lands";"APAC Lands";"APAC Lands";"APAC Lands";"APAC Lands";APL;94;1997-10-01T00:00:00+0200;1;1
1199;"WCD 1997: Jakub Slemr";"WCD 1997: Jakub Slemr";"WM-Deck 1997: Jakub Slemr";"WCD 1997: Jakub Slemr";"WCD 1997: Jakub Slemr";WCD9;87;1997-12-01T00:00:00+0100;1;1
1200;"WCD 1997: Janosch Kuhn";"WCD 1997: Janosch Kuhn";"WM-Deck 1997: Janosch Kuhn";"WCD 1997: Janosch Kuhn";"WCD 1997: Janosch Kuhn";WCD10;87;1997-12-01T00:00:00+0100;1;1
1292;"WCD 1997: Paul McCabe";"WCD 1997: Paul McCabe";"WM-Deck 1997: Paul McCabe";"WCD 1997: Paul McCabe";"WCD 1997: Paul McCabe";WCD11;87;1997-12-01T00:00:00+0100;1;1
1293;"WCD 1997: Svend Geertsen";"WCD 1997: Svend Geertsen";"WM-Deck 1997: Svend Geertsen";"WCD 1997: Svend Geertsen";"WCD 1997: Svend Geertsen";WCD12;87;1997-12-01T00:00:00+0100;1;1
20;Stronghold;Forteresse;Felsenburg;Fortaleza;Fortezza;STH;18;1998-03-01T00:00:00+0100;1;1
21;Exodus;Exode;Exodus;Éxodo;Esodo;EXO;19;1998-06-01T00:00:00+0200;1;1
24;"Portal Second Age";"Portal Second Age";"Portal Zweites Zeitalter";"Portal Segunda Edad";"Portal Seconda Era";P02;22;1998-06-01T00:00:00+0200;1;1
22;Unglued;Unglued;Unglued;Unglued;Unglued;UGL;20;1998-08-01T00:00:00+0200;1;1
26;"Urza's Saga";"Epopée d'Urza";"Urzas Saga";"La Saga de Urza";"Saga di Urza";USG;24;1998-10-01T00:00:00+0200;1;1
75;Anthologies;Anthologies;Anthologies;Anthologies;Anthologies;ATH;72;1998-11-01T00:00:00+0100;1;1
1401;"Simplified Chinese Alternate Art Cards";"Simplified Chinese Alternate Art Cards";"Simplified Chinese Alternate Art Cards";"Simplified Chinese Alternate Art Cards";"Simplified Chinese Alternate Art Cards";SCAA;201;1998-11-01T00:00:00+0100;1;1
1294;"WCD 1998: Randy Buehler";"WCD 1998: Randy Buehler";"WM-Deck 1998: Randy Buehler";"WCD 1998: Randy Buehler";"WCD 1998: Randy Buehler";WCD13;87;1998-12-01T00:00:00+0100;1;1
1295;"WCD 1998: Brian Hacker";"WCD 1998: Brian Hacker";"WM-Deck 1998: Brian Hacker";"WCD 1998: Brian Hacker";"WCD 1998: Brian Hacker";WCD14;87;1998-12-01T00:00:00+0100;1;1
1296;"WCD 1998: Ben Rubin";"WCD 1998: Ben Rubin";"WM-Deck 1998: Ben Rubin";"WCD 1998: Ben Rubin";"WCD 1998: Ben Rubin";WCD15;87;1998-12-01T00:00:00+0100;1;1
1297;"WCD 1998: Brian Selden";"WCD 1998: Brian Selden";"WM-Deck 1998: Brian Selden";"WCD 1998: Brian Selden";"WCD 1998: Brian Selden";WCD16;87;1998-12-01T00:00:00+0100;1;1
27;"Urza's Legacy";"Héritage d'Urza";"Urzas Vermächtnis";"El Legado de Urza";"Eredità di Urza";ULG;25;1999-02-01T00:00:00+0100;1;1
29;"Sixth Edition";"Sixième Edition";"Sechste Edition";"Sexta Edición";"Sesta Edizione";6ED;27;1999-04-01T00:00:00+0200;1;1
28;"Urza's Destiny";"Destinée d'Urza";"Urzas Schicksal";"El Destino de Urza";"Destino di Urza";UDS;26;1999-06-01T00:00:00+0200;1;1
80;"Judge Rewards Promos";"Judge Rewards Promos";"Judge Rewards Promos";"Judge Rewards Promos";"Judge Rewards Promos";JR;77;1999-06-01T00:00:00+0200;1;1
30;"Portal Three Kingdoms";"Portal Three Kingdoms";"Portal Three Kingdoms";"Portal Three Kingdoms";"Portal Three Kingdoms";PTK;28;1999-07-01T00:00:00+0200;1;1
63;"Starter 1999";"Starter 1999";"Starter 1999";"Starter 1999";"Starter 1999";S99;61;1999-07-01T00:00:00+0200;1;1
88;"Guru Lands";"Guru Lands";"Guru Lands";"Guru Lands";"Guru Lands";GUL;85;1999-07-01T00:00:00+0200;1;1
31;"Mercadian Masques";"Masques de Mercadia";"Merkadische Masken";"Máscaras de Mercadia";"Maschere di Mercadia";MMQ;29;1999-10-01T00:00:00+0200;1;1
64;"Battle Royale";"Battle Royale";"Battle Royale";"Battle Royale";"Battle Royale";BRB;62;1999-11-01T00:00:00+0100;1;1
86;"Junior Super Series Promos";"Junior Super Series Promos";"Junior Super Series Promos";"Junior Super Series Promos";"Junior Super Series Promos";JSS;83;1999-12-01T00:00:00+0100;1;1
1298;"WCD 1999: Jakub Šlemr";"WCD 1999: Jakub Šlemr";"WM-Deck 1999: Jakub Šlemr";"WCD 1999: Jakub Šlemr";"WCD 1999: Jakub Šlemr";WCD17;87;1999-12-01T00:00:00+0100;1;1
1299;"WCD 1999: Matt Linde";"WCD 1999: Matt Linde";"WM-Deck 1999: Matt Linde";"WCD 1999: Matt Linde";"WCD 1999: Matt Linde";WCD18;87;1999-12-01T00:00:00+0100;1;1
1300;"WCD 1999: Mark Le Pine";"WCD 1999: Mark Le Pine";"WM-Deck 1999: Mark Le Pine";"WCD 1999: Mark Le Pine";"WCD 1999: Mark Le Pine";WCD19;87;1999-12-01T00:00:00+0100;1;1
1301;"WCD 1999: Kai Budde";"WCD 1999: Kai Budde";"WM-Deck 1999: Kai Budde";"WCD 1999: Kai Budde";"WCD 1999: Kai Budde";WCD20;87;1999-12-01T00:00:00+0100;1;1
66;"DCI Promos";"DCI Promos";"DCI Promos";"DCI Promos";"DCI Promos";DCI;64;2000-01-01T00:00:00+0100;1;1
129;"TopDeck Promos";"TopDeck Promos";"TopDeck Promos";"TopDeck Promos";"TopDeck Promos";TDPR;126;2000-01-01T00:00:00+0100;1;1
1595;"Grand Prix Promos";"Grand Prix Promos";"Grand Prix Promos";"Grand Prix Promos";"Grand Prix Promos";GPPR;64;2000-01-01T00:00:00+0100;1;1
1596;"Pro Tour Promos";"Pro Tour Promos";"Pro Tour Promos";"Pro Tour Promos";"Pro Tour Promos";PTPR;64;2000-01-01T00:00:00+0100;1;1
32;Nemesis;Némésis;Nemesis;Némesis;Nemesis;NEM;30;2000-02-01T00:00:00+0100;1;1
72;"Friday Night Magic Promos";"Friday Night Magic Promos";"Friday Night Magic Promos";"Friday Night Magic Promos";"Friday Night Magic Promos";FNM;69;2000-02-01T00:00:00+0100;1;1
81;"Euro Lands";"Euro Lands";Euroländer;"Euro Lands";"Euro Lands";EL;78;2000-02-01T00:00:00+0100;1;1
33;Prophecy;Prophétie;Prophezeihung;Profecía;Profezia;PCY;31;2000-06-01T00:00:00+0200;1;1
65;"Starter 2000";"Starter 2000";"Starter 2000";"Starter 2000";"Starter 2000";S00;63;2000-07-01T00:00:00+0200;1;1
34;Invasion;Invasion;Invasion;Invasión;Invasione;INV;32;2000-10-01T00:00:00+0200;1;1
62;Beatdown;Beatdown;Beatdown;Beatdown;Beatdown;BTD;60;2000-12-01T00:00:00+0100;1;1
1302;"WCD 2000: Nicolas Labarre";"WCD 2000: Nicolas Labarre";"WM-Deck 2000: Nicolas Labarre";"WCD 2000: Nicolas Labarre";"WCD 2000: Nicolas Labarre";WCD21;87;2000-12-01T00:00:00+0100;1;1
1303;"WCD 2000: Tom Van de Logt";"WCD 2000: Tom Van de Logt";"WM-Deck 2000: Tom Van de Logt";"WCD 2000: Tom Van de Logt";"WCD 2000: Tom Van de Logt";WCD22;87;2000-12-01T00:00:00+0100;1;1
1304;"WCD 2000: Janosch Kühn";"WCD 2000: Janosch Kühn";"WM-Deck 2000: Janosch Kühn";"WCD 2000: Janosch Kühn";"WCD 2000: Janosch Kühn";WCD23;87;2000-12-01T00:00:00+0100;1;1
1305;"WCD 2000: Jon Finkel";"WCD 2000: Jon Finkel";"WM-Deck 2000: Jon Finkel";"WCD 2000: Jon Finkel";"WCD 2000: Jon Finkel";WCD24;87;2000-12-01T00:00:00+0100;1;1
1342;"CardZ Promos";"CardZ Promos";"CardZ Promos";"CardZ Promos";"CardZ Promos";CDZP;237;2001-01-01T00:00:00+0100;1;1
35;Planeshift;Planeshift;Weltenwechsel;Transmigración;Congiunzione;PLS;33;2001-02-01T00:00:00+0100;1;1
37;"Seventh Edition";"Septième Edition";"Siebte Edition";"Séptima Edición";"Settima Edizione";7ED;35;2001-04-01T00:00:00+0200;1;1
79;"Player Rewards Promos";"Player Rewards Promos";"Player Rewards Promos";"Player Rewards Promos";"Player Rewards Promos";MPR;76;2001-05-01T00:00:00+0200;1;1
36;Apocalypse;Apocalypse;Apokalypse;Apocalipsis;Apocalisse;APC;34;2001-06-01T00:00:00+0200;1;1
38;Odyssey;Odyssée;Odyssee;Odisea;Odissea;ODY;36;2001-10-01T00:00:00+0200;1;1
67;Deckmasters;Deckmasters;Deckmasters;Deckmasters;Deckmasters;DKM;65;2001-12-01T00:00:00+0100;1;1
1306;"WCD 2001: Jan Tomcani";"WCD 2001: Jan Tomcani";"WM-Deck 2001: Jan Tomcani";"WCD 2001: Jan Tomcani";"WCD 2001: Jan Tomcani";WCD25;87;2001-12-01T00:00:00+0100;1;1
1307;"WCD 2001: Antoine Ruel";"WCD 2001: Antoine Ruel";"WM-Deck 2001: Antoine Ruel";"WCD 2001: Antoine Ruel";"WCD 2001: Antoine Ruel";WCD26;87;2001-12-01T00:00:00+0100;1;1
1308;"WCD 2001: Alex Borteh";"WCD 2001: Alex Borteh";"WM-Deck 2001: Alex Borteh";"WCD 2001: Alex Borteh";"WCD 2001: Alex Borteh";WCD27;87;2001-12-01T00:00:00+0100;1;1
1309;"WCD 2001: Tom van de Logt";"WCD 2001: Tom van de Logt";"WM-Deck 2001: Tom van de Logt";"WCD 2001: Tom van de Logt";"WCD 2001: Tom van de Logt";WCD28;87;2001-12-01T00:00:00+0100;1;1
1328;"JingHe Age: 2002 Tokens";"JingHe Age: 2002 Tokens";"JingHe Age: 2002 Spielsteine";"JingHe Age: 2002 Tokens";"JingHe Age: 2002 Tokens";JH02;230;2002-01-01T00:00:00+0100;1;1
39;Torment;Tourment;Qualen;Tormento;Tormento;TOR;37;2002-02-01T00:00:00+0100;1;1
40;Judgment;Jugement;Abrechnung;Juicio;Sentenza;JUD;38;2002-05-01T00:00:00+0200;1;1
87;"Japan Junior Tournament Promos";"Japan Junior Tournament Promos";"Japan Junior Tournament Promos";"Japan Junior Tournament Promos";"Japan Junior Tournament Promos";JJT;84;2002-07-01T00:00:00+0200;1;1
1421;"Hobby Japan Commemorative Promos";"Hobby Japan Commemorative Promos";"Hobby Japan Commemorative Promos";"Hobby Japan Commemorative Promos";"Hobby Japan Commemorative Promos";HJCC;207;2002-07-01T00:00:00+0200;1;1
41;Onslaught;Carnage;Aufmarsch;Embestida;Assalto;ONS;39;2002-10-01T00:00:00+0200;1;1
1310;"WCD 2002: Sim Han How";"WCD 2002: Sim Han How";"WCD 2002: Sim Han How";"WCD 2002: Sim Han How";"WCD 2002: Sim Han How";WCD29;87;2002-12-01T00:00:00+0100;1;1
1311;"WCD 2002: Raphael Levy";"WCD 2002: Raphael Levy";"WCD 2002: Raphael Levy";"WCD 2002: Raphael Levy";"WCD 2002: Raphael Levy";WCD30;87;2002-12-01T00:00:00+0100;1;1
1312;"WCD 2002: Brian Kibler";"WCD 2002: Brian Kibler";"WCD 2002: Brian Kibler";"WCD 2002: Brian Kibler";"WCD 2002: Brian Kibler";WCD31;87;2002-12-01T00:00:00+0100;1;1
1313;"WCD 2002: Carlos Romao";"WCD 2002: Carlos Romao";"WCD 2002: Carlos Romao";"WCD 2002: Carlos Romao";"WCD 2002: Carlos Romao";WCD32;87;2002-12-01T00:00:00+0100;1;1
1329;"JingHe Age: MtG 10th Anniversary Tokens";"JingHe Age: MtG 10th Anniversary Tokens";"JingHe Age: MtG 10th Anniversary Tokens";"JingHe Age: MtG 10th Anniversary Tokens";"JingHe Age: MtG 10th Anniversary Tokens";JH03;231;2003-01-01T00:00:00+0100;1;1
42;Legions;Légions;Legionen;Legiones;Legioni;LGN;40;2003-02-01T00:00:00+0100;1;1
43;Scourge;Fléau;Plagen;Azote;Flagello;SCG;41;2003-06-01T00:00:00+0200;1;1
1210;"Release Promos";"Release Promos";"Release Promos";"Release Promos";"Release Promos";REL;167;2003-07-01T00:00:00+0200;1;1
44;"Eighth Edition";"Huitième Edition";"Achte Edition";"Octava Edición";"Ottava Edizione";8ED;42;2003-08-01T00:00:00+0200;1;1
45;Mirrodin;Mirrodin;Mirrodin;Mirrodin;Mirrodin;MRD;43;2003-10-01T00:00:00+0200;1;1
111;"Oversized Box Toppers";"Oversized Box Toppers";"Oversized Box Toppers";"Oversized Box Toppers";"Oversized Box Toppers";OBT;108;2003-12-01T00:00:00+0100;1;1
1314;"WCD 2003: Peer Kröger";"WCD 2003: Peer Kröger";"WM-Deck 2003: Peer Kröger";"WCD 2003: Peer Kröger";"WCD 2003: Peer Kröger";WCD33;87;2003-12-01T00:00:00+0100;1;1
1315;"WCD 2003: Wolfgang Eder";"WCD 2003: Wolfgang Eder";"WM-Deck 2003: Wolfgang Eder";"WCD 2003: Wolfgang Eder";"WCD 2003: Wolfgang Eder";WCD34;87;2003-12-01T00:00:00+0100;1;1
1316;"WCD 2003: Dave Humpherys";"WCD 2003: Dave Humpherys";"WM-Deck 2003: Dave Humpherys";"WCD 2003: Dave Humpherys";"WCD 2003: Dave Humpherys";WCD35;87;2003-12-01T00:00:00+0100;1;1
1317;"WCD 2003: Daniel Zink";"WCD 2003: Daniel Zink";"WM-Deck 2003: Daniel Zink";"WCD 2003: Daniel Zink";"WCD 2003: Daniel Zink";WCD36;87;2003-12-01T00:00:00+0100;1;1
46;Darksteel;Sombracier;Nachtstahl;Darksteel;Darksteel;DST;44;2004-02-01T00:00:00+0100;1;1
1361;"Junior Series Promos";"Junior Series Promos";"Junior Series Promos";"Junior Series Promos";"Junior Series Promos";JSP;162;2004-05-01T00:00:00+0200;1;1
47;"Fifth Dawn";"La Cinquième Aube";"Fünfte Morgenröte";"Quinto Amanecer";"Quinta Alba";5DN;45;2004-06-01T00:00:00+0200;1;1
48;"Champions of Kamigawa";"Guerriers de Kamigawa";"Meister von Kamigawa";"Campeones de Kamigawa";"Campioni di Kamigawa";CHK;46;2004-10-01T00:00:00+0200;1;1
59;Unhinged;Unhinged;Unhinged;Unhinged;Unhinged;UNH;57;2004-11-01T00:00:00+0100;1;1
1318;"WCD 2004: Gabriel Nassif";"WCD 2004: Gabriel Nassif";"WM-Deck 2004: Gabriel Nassif";"WCD 2004: Gabriel Nassif";"WCD 2004: Gabriel Nassif";WCD37;87;2004-12-01T00:00:00+0100;1;1
1319;"WCD 2004: Manuel Bevand";"WCD 2004: Manuel Bevand";"WM-Deck 2004: Manuel Bevand";"WCD 2004: Manuel Bevand";"WCD 2004: Manuel Bevand";WCD38;87;2004-12-01T00:00:00+0100;1;1
1320;"WCD 2004: Aeo Paquette";"WCD 2004: Aeo Paquette";"WM-Deck 2004: Aeo Paquette";"WCD 2004: Aeo Paquette";"WCD 2004: Aeo Paquette";WCD39;87;2004-12-01T00:00:00+0100;1;1
1321;"WCD 2004: Julien Nuijten";"WCD 2004: Julien Nuijten";"WM-Deck 2004: Julien Nuijten";"WCD 2004: Julien Nuijten";"WCD 2004: Julien Nuijten";WCD40;87;2004-12-01T00:00:00+0100;1;1
1391;"2005 Player Cards";"2005 Player Cards";"2005 Spielerkarten";"2005 Player Cards";"2005 Player Cards";PC05;124;2005-01-01T00:00:00+0100;1;1
105;Salvat-Hachette;Salvat-Hachette;Salvat-Hachette;Salvat-Hachette;Salvat-Hachette;SAL;102;2005-01-22T00:00:00+0100;1;1
51;"Betrayers of Kamigawa";"Traîtres de Kamigawa";"Verräter von Kamigawa";"Traidores de Kamigawa";"Traditori di Kamigawa";BOK;49;2005-02-01T00:00:00+0100;1;1
50;"Saviors of Kamigawa";"Libérateurs de Kamigawa";"Retter von Kamigawa";"Salvadores de Kamigawa";"Liberatori di Kamigawa";SOK;48;2005-06-01T00:00:00+0200;1;1
49;"Ninth Edition";"Neuvième Edition";"Neunte Edition";"Novena Edición";"Nona Edizione";9ED;47;2005-07-01T00:00:00+0200;1;1
55;"Ravnica: City of Guilds";"Ravnica: La Cité des Guildes";"Ravnica: Stadt der Gilden";"Rávnica: Ciudad de Gremios";"Ravnica: Città delle Gilde";RAV;53;2005-10-01T00:00:00+0200;1;1
78;"Gateway Promos";"Gateway Promos";"Gateway Promos";"Gateway Promos";"Gateway Promos";GW;75;2006-01-01T00:00:00+0100;1;1
101;"Magic Premiere Shop Promos";"Magic Premiere Shop Promos";"Magic Premiere Shop Promos";"Magic Premiere Shop Promos";"Magic Premiere Shop Promos";MPSP;98;2006-01-01T00:00:00+0100;1;1
1269;"2006 Player Cards";"2006 Player Cards";"2006 Spielerkarten";"2006 Player Cards";"2006 Player Cards";PC06;186;2006-01-01T00:00:00+0100;1;1
1432;"Revista Serra Promos";"Revista Serra Promos";"Revista Serra Promos";"Revista Serra Promos";"Revista Serra Promos";RSPR;213;2006-01-01T00:00:00+0100;1;1
1586;"Junior APAC Series Promos";"Junior APAC Series Promos";"Junior APAC Series Promos";"Junior APAC Series Promos";"Junior APAC Series Promos";JAS;332;2006-01-01T00:00:00+0100;1;1
54;Guildpact;"Le Pacte des Guildes";Gildenbund;"El Pacto entre Gremios";"Il Patto delle Gilde";GPT;52;2006-02-01T00:00:00+0100;1;1
53;Dissension;Discorde;Zwietracht;Discordia;Discordia;DIS;51;2006-05-01T00:00:00+0200;1;1
94;"Champs & States Promos";"Champs & States Promos";"Champs & States Promos";"Champs & States Promos";"Champs & States Promos";CPR;91;2006-06-01T00:00:00+0200;1;1
52;Coldsnap;"Souffle glaciaire";Kälteeinbruch;"Ola de frío";"Ondata Glaciale";CSP;50;2006-07-01T00:00:00+0200;1;1
82;"Coldsnap Theme Decks";"Coldsnap Theme Decks";Kälteeinbruch-Themendecks;"Coldsnap Theme Decks";"Coldsnap Theme Decks";CSPTD;79;2006-07-01T00:00:00+0200;1;1
56;"Time Spiral";"Spirale Temporelle";Zeitspirale;"Espiral del Tiempo";"Spirale Temporale";TSP;54;2006-10-01T00:00:00+0200;1;1
1247;"Happy Holidays Promos";"Happy Holidays Promos";"Happy Holidays Promos";"Happy Holidays Promos";"Happy Holidays Promos";HHPR;177;2006-12-01T00:00:00+0100;1;1
1360;"Magic Scholarship Series Promos";"Magic Scholarship Series Promos";"Magic Scholarship Series Promos";"Magic Scholarship Series Promos";"Magic Scholarship Series Promos";MSSP;161;2007-01-01T00:00:00+0100;1;1
1392;"2007 Player Cards";"2007 Player Cards";"2007 Spielerkarten";"2007 Player Cards";"2007 Player Cards";PC07;125;2007-01-01T00:00:00+0100;1;1
58;"Planar Chaos";"Chaos planaire";Weltenchaos;"Caos planar";"Caos Dimensionale";PLC;56;2007-02-01T00:00:00+0100;1;1
70;"Future Sight";"Vision de l'Avenir";"Blick in die Zukunft";"Visión del Futuro";"Visione Futura";FUT;67;2007-05-01T00:00:00+0200;1;1
74;"Tenth Edition";"Dixième édition";"Zehnte Edition";"Décima Edición";"Decima Edizione";10E;71;2007-07-01T00:00:00+0200;1;1
98;"Resale Promos";"Resale Promos";"Resale Promos";"Resale Promos";"Resale Promos";RSP;95;2007-08-01T00:00:00+0200;1;1
84;Lorwyn;Lorwyn;Lorwyn;Lorwyn;Lorwyn;LRW;81;2007-10-01T00:00:00+0200;1;1
91;"Duel Decks: Elves vs. Goblins";"Duel Decks: Elves vs. Goblins";"Duel Decks: Elves vs. Goblins";"Duel Decks: Elves vs. Goblins";"Duel Decks: Elves vs. Goblins";EVG;88;2007-11-01T00:00:00+0100;1;1
92;Morningtide;Leveciel;Morgenluft;Alborada;Aurora;MOR;89;2008-02-01T00:00:00+0100;1;1
95;Shadowmoor;Sombrelande;Schattenmoor;"Páramo Sombrío";"Landa Tenebrosa";SHM;92;2008-04-01T00:00:00+0200;1;1
99;Eventide;Coucheciel;Abendkühle;Crepúsculo;Vespro;EVE;96;2008-07-01T00:00:00+0200;1;1
100;"From the Vault: Dragons";"From the Vault: Dragons";"From the Vault: Dragons";"From the Vault: Dragons";"From the Vault: Dragons";DRB;97;2008-09-01T00:00:00+0200;1;1
102;"Shards of Alara";"Les éclats d'Alara";"Shards of Alara";"Shards of Alara";"Shards of Alara";ALA;99;2008-10-01T00:00:00+0200;1;1
104;"Duel Decks: Jace vs. Chandra";"Duel Decks: Jace vs. Chandra";"Duel Decks: Jace vs. Chandra";"Duel Decks: Jace vs. Chandra";"Duel Decks: Jace vs. Chandra";DD2;101;2008-11-01T00:00:00+0100;1;1
1597;"Convention Promos";"Convention Promos";"Convention Promos";"Convention Promos";"Convention Promos";CNPR;64;2009-01-01T00:00:00+0100;1;1
106;Conflux;Conflux;Conflux;Conflux;Conflux;CONF;103;2009-02-01T00:00:00+0100;1;1
107;"Duel Decks: Divine vs. Demonic";"Duel Decks: Divine vs. Demonic";"Duel Decks: Divine vs. Demonic";"Duel Decks: Divine vs. Demonic";"Duel Decks: Divine vs. Demonic";DDC;104;2009-04-01T00:00:00+0200;1;1
108;"Alara Reborn";"La Renaissance d'Alara";"Alara: Die Erneuerung";"Alara Reborn";"Alara Reborn";ARB;105;2009-05-01T00:00:00+0200;1;1
1278;"Duels of the Planeswalkers Promos";"Duels of the Planeswalkers Promos";"Duels of the Planeswalkers Promos";"Duels of the Planeswalkers Promos";"Duels of the Planeswalkers Promos";DPP;190;2009-06-01T00:00:00+0200;1;1
109;"Magic 2010";"Magic 2010";"Magic 2010";"Magic 2010";"Magic 2010";M10;106;2009-07-01T00:00:00+0200;1;1
1198;"Buy a Box Promos";"Buy a Box Promos";"Buy a Box Promos";"Buy a Box Promos";"Buy a Box Promos";BABP;160;2009-07-01T00:00:00+0200;1;1
112;"From the Vault: Exiled";"From the Vault: Exiled";"From the Vault: Exiled";"From the Vault: Exiled";"From the Vault: Exiled";V09;109;2009-08-01T00:00:00+0200;1;1
113;Planechase;Planechase;Planechase;Planechase;Planechase;HOP;110;2009-09-01T00:00:00+0200;1;1
114;Zendikar;Zendikar;Zendikar;Zendikar;Zendikar;ZEN;111;2009-10-01T00:00:00+0200;1;1
115;"Duel Decks: Garruk vs. Liliana";"Duel Decks: Garruk vs. Liliana";"Duel Decks: Garruk vs. Liliana";"Duel Decks: Garruk vs. Liliana";"Duel Decks: Garruk vs. Liliana";DDD;112;2009-11-01T00:00:00+0100;1;1
1248;"Dengeki Maoh Promos";"Dengeki Maoh Promos";"Dengeki Maoh Promos";"Dengeki Maoh Promos";"Dengeki Maoh Promos";DMPR;178;2009-11-01T00:00:00+0100;1;1
116;"Premium Deck Series: Slivers";"Premium Deck Series: Slivers";"Premium Deck Series: Slivers";"Premium Deck Series: Slivers";"Premium Deck Series: Slivers";H09;113;2009-12-01T00:00:00+0100;1;1
1209;"Game Day Promos";"Game Day Promos";"Game Day Promos";"Game Day Promos";"Game Day Promos";GDP;166;2009-12-01T00:00:00+0100;1;1
118;Worldwake;Worldwake;Weltenerwachen;"Despertar del Mundo";Worldwake;WWK;115;2010-02-01T00:00:00+0100;1;1
119;"Duel Decks: Phyrexia vs. The Coalition";"Duel Decks: Phyrexia vs. The Coalition";"Duel Decks: Phyrexia vs. The Coalition";"Duel Decks: Phyrexia vs. The Coalition";"Duel Decks: Phyrexia vs. The Coalition";DDE;116;2010-03-01T00:00:00+0100;1;1
120;"Rise of the Eldrazi";"L'ascension des Eldrazi";"Aufstieg der Eldrazi";"Levantamiento de los Eldrazi";"Ascesa degli Eldrazi";ROE;117;2010-04-01T00:00:00+0200;1;1
1193;"Duels of the Planeswalkers Decks";"Duels of the Planeswalkers Decks";"Duels of the Planeswalkers Decks";"Duels of the Planeswalkers Decks";"Duels of the Planeswalkers Decks";DPA;156;2010-06-01T00:00:00+0200;1;1
1194;Archenemy;Archenemy;Archenemy;Archenemy;Archenemy;ARC;157;2010-06-01T00:00:00+0200;1;1
1197;"Magic 2011";"Magic 2011";"Magic 2011";"Magic 2011";"Magic 2011";M11;159;2010-07-01T00:00:00+0200;1;1
1202;"From the Vault: Relics";"From the Vault: Relics";"From the Vault: Relics";"From the Vault: Relics";"From the Vault: Relics";V10;163;2010-08-01T00:00:00+0200;1;1
1203;"Duel Decks: Elspeth vs. Tezzeret";"Duel Decks: Elspeth vs. Tezzeret";"Duel Decks: Elspeth vs. Tezzeret";"Duel Decks: Elspeth vs. Tezzeret";"Duel Decks: Elspeth vs. Tezzeret";DDF;164;2010-09-01T00:00:00+0200;1;1
1206;"Scars of Mirrodin";"Cicatrices de Mirrodin";"Narben von Mirrodin";"Cicatrices de Mirrodin";"Cicatrici di Mirrodin";SOM;165;2010-10-01T00:00:00+0200;1;1
1218;"Premium Deck Series: Fire & Lightning";"Premium Deck Series: Fire & Lightning";"Premium Deck Series: Fire & Lightning";"Premium Deck Series: Fire & Lightning";"Premium Deck Series: Fire & Lightning";PD2;175;2010-11-01T00:00:00+0100;1;1
1413;"IDW Promos";"IDW Promos";"IDW Promos";"IDW Promos";"IDW Promos";IDW;205;2010-12-01T00:00:00+0100;1;1
1259;"Salvat-Hachette 2011";"Salvat-Hachette 2011";"Salvat-Hachette 2011";"Salvat-Hachette 2011";"Salvat-Hachette 2011";SV11;181;2011-01-01T00:00:00+0100;1;1
1643;"Judge Program Tokens";"Judge Program Tokens";"Judge Program Tokens";"Judge Program Tokens";"Judge Program Tokens";JPT;364;2011-01-01T00:00:00+0100;1;1
1253;"Mirrodin Besieged";"Mirrodin assiégé";"Mirrodins Belagerung";"Mirrodin sitiado";"Mirrodin Assediato";MBS;180;2011-02-01T00:00:00+0100;1;1
1261;"Duel Decks: Knights vs. Dragons";"Duel Decks: Knights vs. Dragons";"Duel Decks: Knights vs. Dragons";"Duel Decks: Knights vs. Dragons";"Duel Decks: Knights vs. Dragons";DDG;182;2011-04-01T00:00:00+0200;1;1
1262;"New Phyrexia";"La Nouvelle Phyrexia";"Das neue Phyrexia";"Nueva Phyrexia";"Nuova Phyrexia";NPH;183;2011-05-01T00:00:00+0200;1;1
1273;Commander;Commander;Commander;Commander;Commander;CMD;188;2011-06-01T00:00:00+0200;1;1
1280;"Magic 2012";"Magic 2012";"Magic 2012";"Magic 2012";"Magic 2012";M12;192;2011-07-01T00:00:00+0200;1;1
1286;"From the Vault: Legends";"From the Vault: Legends";"From the Vault: Legends";"From the Vault: Legends";"From the Vault: Legends";V11;195;2011-08-01T00:00:00+0200;1;1
1288;"Duel Decks: Ajani vs. Nicol Bolas";"Duel Decks: Ajani vs. Nicol Bolas";"Duel Decks: Ajani vs. Nicol Bolas";"Duel Decks: Ajani vs. Nicol Bolas";"Duel Decks: Ajani vs. Nicol Bolas";DDH;196;2011-09-01T00:00:00+0200;1;1
1327;Innistrad;Innistrad;Innistrad;Innistrad;Innistrad;ISD;229;2011-09-01T00:00:00+0200;1;1
1337;"Premium Deck Series: Graveborn";"Premium Deck Series: Graveborn";"Premium Deck Series: Graveborn";"Premium Deck Series: Graveborn";"Premium Deck Series: Graveborn";PD3;235;2011-11-01T00:00:00+0100;1;1
1345;"Dark Ascension";"Obscure Ascension";"Dunkles Erwachen";"Dark Ascension";"Dark Ascension";DKA;240;2012-01-01T00:00:00+0100;1;1
1350;"Duel Decks: Venser vs. Koth";"Duel Decks: Venser vs. Koth";"Duel Decks: Venser vs. Koth";"Duel Decks: Venser vs. Koth";"Duel Decks: Venser vs. Koth";DDI;242;2012-03-01T00:00:00+0100;1;1
1358;"Avacyn Restored";"Avacyn ressuscitée";"Avacyns Rückkehr";"Avacyn Restored";"Avacyn Restored";AVR;244;2012-05-01T00:00:00+0200;1;1
1369;"Planechase 2012";"Planechase 2012";"Planechase 2012";"Planechase 2012";"Planechase 2012";PC2;119;2012-06-01T00:00:00+0200;1;1
1388;"Magic 2013";"Magic 2013";"Magic 2013";"Magic 2013";"Magic 2013";M13;120;2012-07-01T00:00:00+0200;1;1
1397;"From the Vault: Realms";"From the Vault: Realms";"From the Vault: Realms";"From the Vault: Realms";"From the Vault: Realms";V12;122;2012-08-01T00:00:00+0200;1;1
1398;"Duel Decks: Izzet vs. Golgari";"Duel Decks: Izzet vs. Golgari";"Duel Decks: Izzet vs. Golgari";"Duel Decks: Izzet vs. Golgari";"Duel Decks: Izzet vs. Golgari";DDJ;199;2012-09-01T00:00:00+0200;1;1
1389;"Return to Ravnica";"Retour à Ravnica";"Return to Ravnica";"Vuelta a Ravnica";"Return to Ravnica";RTR;121;2012-10-01T00:00:00+0200;1;1
1418;"Commander's Arsenal";"Commander's Arsenal";"Commander's Arsenal";"Commander's Arsenal";"Commander's Arsenal";CM1;206;2012-11-01T00:00:00+0100;1;1
1424;Gatecrash;Insurrection;Gildensturm;Gatecrash;Gatecrash;GTC;208;2013-02-01T00:00:00+0100;1;1
1430;"Duel Decks: Sorin vs. Tibalt";"Duel Decks: Sorin vs. Tibalt";"Duel Decks: Sorin vs. Tibalt";"Duel Decks: Sorin vs. Tibalt";"Duel Decks: Sorin vs. Tibalt";DDK;211;2013-03-01T00:00:00+0100;1;1
1435;"Dragon's Maze";"Le labyrinthe du dragon";"Labyrinth des Drachen";"Laberinto del dragón";"Labirinto del Drago";DGM;215;2013-05-01T00:00:00+0200;1;1
1444;"Modern Masters";"Modern Masters";"Modern Masters";"Modern Masters";"Modern Masters";MMA;218;2013-06-01T00:00:00+0200;1;1
1449;"Magic 2014";"Magic 2014";"Magic 2014";"Magic 2014";"Magic 2014";M14;220;2013-07-01T00:00:00+0200;1;1
1454;"San Diego Comic-Con 2013 Promos";"San Diego Comic-Con 2013 Promos";"San Diego Comic-Con 2013 Promos";"San Diego Comic-Con 2013 Promos";"San Diego Comic-Con 2013 Promos";CC13;222;2013-07-18T00:00:00+0200;1;1
1455;"From the Vault: Twenty";"From the Vault: Twenty";"From the Vault: Twenty";"From the Vault: Twenty";"From the Vault: Twenty";V13;223;2013-08-23T00:00:00+0200;1;1
1456;"Duel Decks: Heroes vs. Monsters";"Duel Decks: Heroes vs. Monsters";"Duel Decks: Heroes vs. Monsters";"Duel Decks: Heroes vs. Monsters";"Duel Decks: Heroes vs. Monsters";DDL;224;2013-09-06T00:00:00+0200;1;1
1457;Theros;Theros;Theros;Theros;Theros;THS;225;2013-09-27T00:00:00+0200;1;1
1464;"Commander 2013";"Commander 2013";"Commander 2013";"Commander 2013";"Commander 2013";C13;226;2013-11-01T00:00:00+0100;1;1
1469;"Born of the Gods";"Créations divines";"Born of the Gods";"Born of the Gods";"Born of the Gods";BNG;246;2014-02-07T00:00:00+0100;1;1
1477;"Duel Decks: Jace vs. Vraska";"Duel Decks: Jace vs. Vraska";"Duel Decks: Jace vs. Vraska";"Duel Decks: Jace vs. Vraska";"Duel Decks: Jace vs. Vraska";DDM;248;2014-03-14T00:00:00+0100;1;1
1481;"Journey into Nyx";"Incursion dans Nyx";"Reise nach Nyx";"Travesía de Nyx";"Viaggio verso Nyx";JOU;247;2014-05-02T00:00:00+0200;1;1
1484;"Modern Event Deck 2014";"Modern Event Deck 2014";"Modern Event Deck 2014";"Modern Event Deck 2014";"Modern Event Deck 2014";MD1;250;2014-05-30T00:00:00+0200;1;1
1483;Conspiracy;Conspiration;Conspiracy;Conspiración;Conspiracy;CNS;249;2014-06-06T00:00:00+0200;1;1
1485;"Magic 2015";"Magic 2015";"Magic 2015";"Magic 2015";"Magic 2015";M15;251;2014-07-18T00:00:00+0200;1;1
1490;"Clash Pack Promos";"Clash Pack Promos";"Clash Pack Promos";"Clash Pack Promos";"Clash Pack Promos";CPP;252;2014-07-18T00:00:00+0200;1;1
1491;"San Diego Comic-Con 2014 Promos";"San Diego Comic-Con 2014 Promos";"San Diego Comic-Con 2014 Promos";"San Diego Comic-Con 2014 Promos";"San Diego Comic-Con 2014 Promos";CC14;253;2014-07-24T00:00:00+0200;1;1
1494;"From the Vault: Annihilation";"From the Vault: Annihilation";"From the Vault: Annihilation";"From the Vault: Annihilation";"From the Vault: Annihilation";V14;254;2014-08-22T00:00:00+0200;1;1
1496;"Duel Decks: Speed vs. Cunning";"Duel Decks: Speed vs. Cunning";"Duel Decks: Speed vs. Cunning";"Duel Decks: Speed vs. Cunning";"Duel Decks: Speed vs. Cunning";DDN;256;2014-09-05T00:00:00+0200;1;1
1588;"Khans of Tarkir: Promos";"Khans of Tarkir: Promos";"Khans of Tarkir: Promos";"Khans of Tarkir: Promos";"Khans of Tarkir: Promos";PKTK;179;2014-09-20T00:00:00+0200;1;1
1495;"Khans of Tarkir";"Les Khans de Tarkir";"Khans of Tarkir";"Khans of Tarkir";"Khans of Tarkir";KTK;255;2014-09-26T00:00:00+0200;1;1
1513;"Commander 2014";"Commander 2014";"Commander 2014";"Commander 2014";"Commander 2014";C14;260;2014-11-07T00:00:00+0100;1;1
1509;"Duel Decks: Anthology";"Duel Decks: Anthology";"Duel Decks: Anthology";"Duel Decks: Anthology";"Duel Decks: Anthology";DD3;259;2014-12-05T00:00:00+0100;1;1
1587;"Ugin's Fate Promos";"Ugin's Fate Promos";"Ugin's Fate Promos";"Ugin's Fate Promos";"Ugin's Fate Promos";UGFP;326;2015-01-17T00:00:00+0100;1;1
1589;"Fate Reforged: Promos";"Fate Reforged: Promos";"Fate Reforged: Promos";"Fate Reforged: Promos";"Fate Reforged: Promos";PFRF;179;2015-01-17T00:00:00+0100;1;1
1522;"Fate Reforged";"Destin reforgé";"Fate Reforged";"Fate Reforged";"Fate Reforged";FRF;263;2015-01-23T00:00:00+0100;1;1
1593;"Duel Decks: Elspeth vs. Kiora";"Duel Decks: Elspeth vs. Kiora";"Duel Decks: Elspeth vs. Kiora";"Duel Decks: Elspeth vs. Kiora";"Duel Decks: Elspeth vs. Kiora";DDO;327;2015-02-27T00:00:00+0100;1;1
1602;"Dragons Of Tarkir: Promos";"Dragons Of Tarkir: Promos";"Dragons Of Tarkir: Promos";"Dragons Of Tarkir: Promos";"Dragons Of Tarkir: Promos";PDTK;179;2015-03-21T00:00:00+0100;1;1
1601;"Dragons of Tarkir";"Les Dragons de Tarkir";"Drachen von Tarkir";"Dragones de Tarkir";"Draghi di Tarkir";DTK;329;2015-03-27T00:00:00+0100;1;1
1641;"Modern Masters 2015";"Modern Masters 2015";"Modern Masters 2015";"Modern Masters 2015";"Modern Masters 2015";MM2;356;2015-05-22T00:00:00+0200;1;1
1658;"San Diego Comic-Con 2015 Promos";"San Diego Comic-Con 2015 Promos";"San Diego Comic-Con 2015 Promos";"San Diego Comic-Con 2015 Promos";"San Diego Comic-Con 2015 Promos";CC15;222;2015-07-09T00:00:00+0200;1;1
1655;"Magic Origins: Promos";"Magic Origins: Promos";"Magic Origins: Promos";"Magic Origins: Promos";"Magic Origins: Promos";PORI;179;2015-07-11T00:00:00+0200;1;1
1652;"Magic Origins";"Magic Origines";"Magic Ursprünge";"Magic Orígenes";"Magic Origins";ORI;358;2015-07-17T00:00:00+0200;1;1
1662;"Cardmarket Tokens";"Cardmarket Tokens";"Cardmarket Tokens";"Cardmarket Tokens";"Cardmarket Tokens";MKM1;369;2015-08-01T00:00:00+0200;1;1
1661;"From the Vault: Angels";"From the Vault: Angels";"From the Vault: Angels";"From the Vault: Angels";"From the Vault: Angels";V15;357;2015-08-21T00:00:00+0200;1;1
1665;"MKM Series";"MKM Series";"MKM Series";"MKM Series";"MKM Series";MKMS;370;2015-08-25T00:00:00+0200;1;1
1663;"Duel Decks: Zendikar vs. Eldrazi";"Duel Decks: Zendikar vs. Eldrazi";"Duel Decks: Zendikar vs. Eldrazi";"Duel Decks: Zendikar vs. Eldrazi";"Duel Decks: Zendikar vs. Eldrazi";DDP;366;2015-08-28T00:00:00+0200;1;1
1670;"Battle for Zendikar: Promos";"Battle for Zendikar: Promos";"Battle for Zendikar: Promos";"Battle for Zendikar: Promos";"Battle for Zendikar: Promos";PBFZ;179;2015-09-26T00:00:00+0200;1;1
1668;"Battle for Zendikar";"La bataille de Zendikar";"Kampf um Zendikar";"La batalla por Zendikar";"Battaglia per Zendikar";BFZ;359;2015-10-02T00:00:00+0200;1;1
1669;"Zendikar Expeditions";"Zendikar Expeditions";"Zendikar Expeditions";"Zendikar Expeditions";"Zendikar Expeditions";ZEX;367;2015-10-02T00:00:00+0200;1;1
1679;"Commander 2015";"Commander 2015";"Commander 2015";"Commander 2015";"Commander 2015";C15;368;2015-11-13T00:00:00+0100;1;1
1686;"Oath of the Gatewatch: Promos";"Oath of the Gatewatch: Promos";"Oath of the Gatewatch: Promos";"Oath of the Gatewatch: Promos";"Oath of the Gatewatch: Promos";POGW;179;2016-01-16T00:00:00+0100;1;1
1676;"Oath of the Gatewatch";"Le serment des Sentinelles";"Eid der Wächter";"El Juramento de los Guardianes";"Oath of the Gatewatch";OGW;374;2016-01-22T00:00:00+0100;1;1
1692;"Duel Decks: Blessed vs. Cursed";"Duel Decks: Blessed vs. Cursed";"Duel Decks: Blessed vs. Cursed";"Duel Decks: Blessed vs. Cursed";"Duel Decks: Blessed vs. Cursed";DDQ;378;2016-02-26T00:00:00+0100;1;1
1704;"Shadows over Innistrad: Promos";"Shadows over Innistrad: Promos";"Shadows over Innistrad: Promos";"Shadows over Innistrad: Promos";"Shadows over Innistrad: Promos";PSOI;179;2016-04-02T00:00:00+0200;1;1
1694;"Shadows over Innistrad";"Ténèbres sur Innistrad";"Schatten über Innistrad";"Sombras sobre Innistrad";"Ombre su Innistrad";SOI;379;2016-04-08T00:00:00+0200;1;1
1710;"Welcome Deck 2016";"Welcome Deck 2016";"Welcome Deck 2016";"Welcome Deck 2016";"Welcome Deck 2016";W16;387;2016-04-12T00:00:00+0200;1;1
1696;"Eternal Masters";"Eternal Masters";"Eternal Masters";"Eternal Masters";"Eternal Masters";EMA;382;2016-06-10T00:00:00+0200;1;1
1723;"Eldritch Moon: Promos";"Eldritch Moon: Promos";"Eldritch Moon: Promos";"Eldritch Moon: Promos";"Eldritch Moon: Promos";EMNP;179;2016-07-16T00:00:00+0200;1;1
1695;"Eldritch Moon";"La lune hermétique";Düstermond;"Luna de horrores";"Luna Spettrale";EMN;381;2016-07-22T00:00:00+0200;1;1
1725;"San Diego Comic-Con 2016 Promos";"San Diego Comic-Con 2016 Promos";"San Diego Comic-Con 2016 Promos";"San Diego Comic-Con 2016 Promos";"San Diego Comic-Con 2016 Promos";CC16;222;2016-07-25T00:00:00+0200;1;1
1703;"From the Vault: Lore";"From the Vault: Lore";"From the Vault: Lore";"From the Vault: Lore";"From the Vault: Lore";V16;384;2016-08-19T00:00:00+0200;1;1
1702;"Conspiracy: Take the Crown";"Conspiracy: Take the Crown";"Conspiracy: Take the Crown";"Conspiracy: Take the Crown";"Conspiracy: Take the Crown";CN2;383;2016-08-26T00:00:00+0200;1;1
1720;"Duel Decks: Nissa vs. Ob Nixilis";"Duel Decks: Nissa vs. Ob Nixilis";"Duel Decks: Nissa vs. Ob Nixilis";"Duel Decks: Nissa vs. Ob Nixilis";"Duel Decks: Nissa vs. Ob Nixilis";DDR;392;2016-09-02T00:00:00+0200;1;1
1726;"Kaladesh: Promos";"Kaladesh: Promos";"Kaladesh: Promos";"Kaladesh: Promos";"Kaladesh: Promos";PKLD;179;2016-09-24T00:00:00+0200;1;1
1717;Kaladesh;Kaladesh;Kaladesh;Kaladesh;Kaladesh;KLD;389;2016-09-30T00:00:00+0200;1;1
1733;"Kaladesh Inventions";"Inventions de Kaladesh";"Kaladesh Erfindungen";"Inventos de Kaladesh";"Invenzioni di Kaladesh";KLDS;400;2016-09-30T00:00:00+0200;1;1
1719;"Commander 2016";"Commander 2016";"Commander 2016";"Commander 2016";"Commander 2016";C16;391;2016-11-11T00:00:00+0100;1;1
1722;"Planechase Anthology";"Planechase Anthology";"Planechase Anthology";"Planechase Anthology";"Planechase Anthology";PCA;393;2016-11-25T00:00:00+0100;1;1
1750;"Aether Revolt: Promos";"Aether Revolt: Promos";"Aether Revolt: Promos";"Aether Revolt: Promos";"Aether Revolt: Promos";PAER;179;2017-01-14T00:00:00+0100;1;1
1718;"Aether Revolt";"La révolte éthérique";Äther-Rebellion;"La revuelta del éter";"Rivolta dell’Etere";AER;390;2017-01-20T00:00:00+0100;1;1
1727;"Modern Masters 2017";"Modern Masters 2017";"Modern Masters 2017";"Modern Masters 2017";"Modern Masters 2017";MM3;394;2017-03-17T00:00:00+0100;1;1
1728;"Duel Decks: Mind vs. Might";"Duel Decks: Mind vs. Might";"Duel Decks: Mind vs. Might";"Duel Decks: Mind vs. Might";"Duel Decks: Mind vs. Might";DDS;395;2017-03-31T00:00:00+0200;1;1
1802;"Welcome Deck 2017";"Welcome Deck 2017";"Welcome Deck 2017";"Welcome Deck 2017";"Welcome Deck 2017";W17;410;2017-04-15T00:00:00+0200;1;1
1803;"Amonkhet: Promos";"Amonkhet: Promos";"Amonkhet: Promos";"Amonkhet: Promos";"Amonkhet: Promos";PAKH;179;2017-04-22T00:00:00+0200;1;1
1729;Amonkhet;Amonkhet;Amonkhet;Amonkhet;Amonkhet;AKH;396;2017-04-28T00:00:00+0200;1;1
1798;"Amonkhet Invocations";"Amonkhet Invocations";"Amonkhet Invocations";"Amonkhet Invocations";"Amonkhet Invocations";AKHI;407;2017-04-28T00:00:00+0200;1;1
1732;"Commander Anthology";"Commander Anthology";"Commander Anthology";"Commander Anthology";"Commander Anthology";CMA;397;2017-06-09T00:00:00+0200;1;1
1730;"Archenemy: Nicol Bolas";"Archenemy: Nicol Bolas";"Archenemy: Nicol Bolas";"Archenemy: Nicol Bolas";"Archenemy: Nicol Bolas";E01;398;2017-06-16T00:00:00+0200;1;1
1825;"Hour of Devastation: Promos";"L’âge de la destruction: Promos";"Stunde der Vernichtung: Promos";"La hora de la devastación: Promos";"L’Era della Rovina: Promos";PHOU;179;2017-07-08T00:00:00+0200;1;1
1731;"Hour of Devastation";"L’âge de la destruction";"Stunde der Vernichtung";"La hora de la devastación";"L’Era della Rovina";HOU;399;2017-07-14T00:00:00+0200;1;1
1828;"San Diego Comic-Con 2017 Promos";"San Diego Comic-Con 2017 Promos";"San Diego Comic-Con 2017 Promos";"San Diego Comic-Con 2017 Promos";"San Diego Comic-Con 2017 Promos";CC17;222;2017-07-20T00:00:00+0200;1;1
1813;"Commander 2017";"Commander 2017";"Commander 2017";"Commander 2017";"Commander 2017";C17;414;2017-08-25T00:00:00+0200;1;1
1841;"Hascon 2017 Promos";"Hascon 2017 Promos";"Hascon 2017 Promos";"Hascon 2017 Promos";"Hascon 2017 Promos";H17;427;2017-09-08T00:00:00+0200;1;1
1844;"Open House Promos";"Open House Promos";"Open House Promos";"Open House Promos";"Open House Promos";OH;430;2017-09-16T00:00:00+0200;1;1
1847;"Ixalan: Promos";"Ixalan: Promos";"Ixalan: Promos";"Ixalan: Promos";"Ixalan: Promos";XLNP;179;2017-09-23T00:00:00+0200;1;1
1812;Ixalan;Ixalan;Ixalan;Ixalan;Ixalan;XLN;413;2017-09-29T00:00:00+0200;1;1
1836;"Standard Showdown Promos";"Standard Showdown Promos";"Standard Showdown Promos";"Standard Showdown Promos";"Standard Showdown Promos";SSP2;411;2017-10-07T00:00:00+0200;1;1
1818;"Duel Decks: Merfolk vs. Goblins";"Duel Decks: Merfolk vs. Goblins";"Duel Decks: Merfolk vs. Goblins";"Duel Decks: Merfolk vs. Goblins";"Duel Decks: Merfolk vs. Goblins";DDT;415;2017-11-10T00:00:00+0100;1;1
1811;"Iconic Masters";"Iconic Masters";"Iconic Masters";"Iconic Masters";"Iconic Masters";IMA;412;2017-11-17T00:00:00+0100;1;1
1819;"From the Vault: Transform";"From the Vault: Transform";"From the Vault: Transform";"From the Vault: Transform";"From the Vault: Transform";V17;416;2017-11-24T00:00:00+0100;1;1
1830;"Explorers of Ixalan";"Explorers of Ixalan";"Entdecker von Ixalan";"Explorers of Ixalan";"Explorers of Ixalan";E02;422;2017-11-24T00:00:00+0100;1;1
1821;Unstable;Unstable;Unstable;Unstable;Unstable;UST;418;2017-12-08T00:00:00+0100;1;1
2023;"Store Championship Promos";"Store Championship Promos";"Store Championship Promos";"Store Championship Promos";"Store Championship Promos";SCH;436;2017-12-25T00:00:00+0100;1;1
2063;"Rivals of Ixalan: Promos";"Les combattants d'Ixalan: Promos";"Rivalen von Ixalan: Promos";"Rivales de Ixalan: Promos";"Rivali di Ixalan: Promos";RIXP;179;2018-01-13T00:00:00+0100;1;1
1829;"Rivals of Ixalan";"Les combattants d'Ixalan";"Rivalen von Ixalan";"Rivales de Ixalan";"Rivali di Ixalan";RIX;421;2018-01-19T00:00:00+0100;1;1
1820;"Masters 25";"Masters 25";"Masters 25";"Masters 25";"Masters 25";A25;417;2018-03-16T00:00:00+0100;1;1
2068;"Duel Decks: Elves vs. Inventors";"Duel Decks: Elves vs. Inventors";"Duel Decks: Elves vs. Inventors";"Duel Decks: Elves vs. Inventors";"Duel Decks: Elves vs. Inventors";DDU;442;2018-04-06T00:00:00+0200;1;1
2315;"Dominaria: Promos";"Dominaria: Promos";"Dominaria: Promos";"Dominaria: Promos";"Dominaria: Promos";PDOM;179;2018-04-21T00:00:00+0200;1;1
1822;Dominaria;Dominaria;Dominaria;Dominaria;Dominaria;DOM;419;2018-04-27T00:00:00+0200;1;1
2109;"Commander Anthology II";"Commander Anthology II";"Commander Anthology 2";"Commander Anthology II";"Commander Anthology 2";CM2;459;2018-06-08T00:00:00+0200;1;1
2111;Battlebond;Battlebond;Battlebond;Battlebond;Battlebond;BBD;461;2018-06-08T00:00:00+0200;1;1
2333;"Battlebond: Promos";"Battlebond: Promos";"Battlebond: Promos";"Battlebond: Promos";"Battlebond: Promos";PBBD;179;2018-06-08T00:00:00+0200;1;1
2103;"Signature Spellbook: Jace";"Signature Spellbook: Jace";"Signature Spellbook: Jace";"Signature Spellbook: Jace";"Signature Spellbook: Jace";SS1;457;2018-06-15T00:00:00+0200;1;1
2108;"Global Series Jiang Yanggu & Mu Yanling";"Global Series Jiang Yanggu & Mu Yanling";"Global Series Jiang Yanggu & Mu Yanling";"Global Series Jiang Yanggu & Mu Yanling";"Global Series Jiang Yanggu & Mu Yanling";GS1;458;2018-06-22T00:00:00+0200;1;1
2337;"Core 2019: Promos";"Core 2019: Promos";"Core 2019: Promos";"Core 2019: Promos";"Core 2019: Promos";PM19;179;2018-07-07T00:00:00+0200;1;1
1835;"Core 2019";"Édition de base 2019";"Hauptset 2019";"Colección básica 2019";"Set Base 2019";M19;424;2018-07-13T00:00:00+0200;1;1
2341;"San Diego Comic-Con 2018 Promos";"San Diego Comic-Con 2018 Promos";"San Diego Comic-Con 2018 Promos";"San Diego Comic-Con 2018 Promos";"San Diego Comic-Con 2018 Promos";CC18;222;2018-07-18T00:00:00+0200;1;1
2110;"Commander 2018";"Commander 2018";"Commander 2018";"Commander 2018";"Commander 2018";C18;460;2018-08-10T00:00:00+0200;1;1
2371;"Guilds of Ravnica: Extras";"Guilds of Ravnica: Extras";"Guilds of Ravnica: Extras";"Guilds of Ravnica: Extras";"Guilds of Ravnica: Extras";XGRN;484;2018-09-29T00:00:00+0200;1;1
2373;"Guilds of Ravnica: Mythic Edition";"Guilds of Ravnica: Mythic Edition";"Guilds of Ravnica: Mythic Edition";"Guilds of Ravnica: Mythic Edition";"Guilds of Ravnica: Mythic Edition";MED;485;2018-10-03T00:00:00+0200;1;1
2348;"Guilds of Ravnica";"Les Guildes de Ravnica";"Gilden von Ravnica";"Gremios de Rávnica";"Gilde di Ravnica";GRN;477;2018-10-05T00:00:00+0200;1;1
2379;"Guilds of Ravnica: Guild Kits";"Guilds of Ravnica: Guild Kits";"Guilds of Ravnica: Guild Kits";"Guilds of Ravnica: Guild Kits";"Guilds of Ravnica: Guild Kits";GK1;486;2018-11-02T00:00:00+0100;1;1
2372;"Weekend Promos";"Weekend Promos";"Weekend Promos";"Weekend Promos";"Weekend Promos";PRVW;179;2018-11-09T00:00:00+0100;1;1
2381;"Magic Game Night";"Magic Game Night";"Magic Game Night";"Magic Game Night";"Magic Game Night";GNT;487;2018-11-16T00:00:00+0100;1;1
2397;"Ultimate Masters";"Ultimate Masters";"Ultimate Masters";"Ultimate Masters";"Ultimate Masters";UMA;489;2018-12-07T00:00:00+0100;1;1
2398;"Ultimate Box Toppers";"Ultimate Box Toppers";"Ultimate Box Toppers";"Ultimate Box Toppers";"Ultimate Box Toppers";XUMA;490;2018-12-07T00:00:00+0100;1;1
2413;"MagicFest Promos";"MagicFest Promos";"MagicFest Promos";"MagicFest Promos";"MagicFest Promos";PMF;64;2019-01-04T00:00:00+0100;1;1
2419;"Ravnica Allegiance: Extras";"Ravnica Allegiance: Extras";"Ravnica Allegiance: Extras";"Ravnica Allegiance: Extras";"Ravnica Allegiance: Extras";XRNA;497;2019-01-19T00:00:00+0100;1;1
2422;"Ravnica Allegiance: Mythic Edition";"Ravnica Allegiance: Mythic Edition";"Ravnica Allegiance: Mythic Edition";"Ravnica Allegiance: Mythic Edition";"Ravnica Allegiance: Mythic Edition";MRNA;485;2019-01-24T00:00:00+0100;1;1
2411;"Ravnica Allegiance";"L'allégeance de Ravnica";"Ravnica Allegiance";"La lealtad de Ravnica";"Ravnica Allegiance";RNA;493;2019-01-25T00:00:00+0100;1;1
2423;"Ravnica Allegiance: Guild Kits";"Ravnica Allegiance: Guild Kits";"Ravnica Allegiance: Guild Kits";"Ravnica Allegiance: Guild Kits";"Ravnica Allegiance: Guild Kits";GK2;498;2019-02-15T00:00:00+0100;1;1
2439;"War of the Spark";"La guerre des Planeswalkers";"Krieg der Funken";"La Guerra de la Chispa";"La Guerra della Scintilla";WAR;502;2019-04-27T00:00:00+0200;1;1
2451;"War of the Spark: Extras";"La guerre des Planeswalkers: Extras";"Krieg der Funken: Extras";"La Guerra de la Chispa: Extras";"La Guerra della Scintilla: Extras";XWAR;508;2019-04-27T00:00:00+0200;1;1
2461;"War of the Spark: Japanese Alternate-Art Planeswalkers";"War of the Spark: Japanese Alternate-Art Planeswalkers";"War of the Spark: Japanese Alternate-Art Planeswalkers";"War of the Spark: Japanese Alternate-Art Planeswalkers";"War of the Spark: Japanese Alternate-Art Planeswalkers";JWAR;511;2019-04-27T00:00:00+0200;1;1
2459;"War of the Spark: Mythic Edition";"War of the Spark: Mythic Edition";"War of the Spark: Mythic Edition";"War of the Spark: Mythic Edition";"War of the Spark: Mythic Edition";MWAR;485;2019-05-03T00:00:00+0200;1;1
2440;"Modern Horizons";"Horizons du Modern";"Modern: Horizonte";"Horizontes de Modern";"Orizzonti di Modern";MH1;503;2019-06-14T00:00:00+0200;1;1
2484;"Modern Horizons: Art Series";"Horizons du Modern: Art Series";"Modern: Horizonte: Art Series";"Horizontes de Modern: Art Series";"Orizzonti di Modern: Art Series";XMH1;514;2019-06-14T00:00:00+0200;1;1
2460;"Signature Spellbook: Gideon";"Signature Spellbook: Gideon";"Signature Spellbook: Gideon";"Signature Spellbook: Gideon";"Signature Spellbook: Gideon";SS2;510;2019-06-28T00:00:00+0200;1;1
2490;"Core 2020: Extras";"Édition de base 2020: Extras";"Hauptset 2020: Extras";"Colección básica 2020: Extras";"Set base 2020: Extras";XM20;516;2019-06-29T00:00:00+0200;1;1
2447;"Core 2020";"Édition de base 2020";"Hauptset 2020";"Colección básica 2020";"Set base 2020";M20;505;2019-07-12T00:00:00+0200;1;1
2511;"San Diego Comic-Con 2019 Promos";"San Diego Comic-Con 2019 Promos";"San Diego Comic-Con 2019 Promos";"San Diego Comic-Con 2019 Promos";"San Diego Comic-Con 2019 Promos";CC19;222;2019-07-18T00:00:00+0200;1;1
2448;"Commander 2019";"Commander 2019";"Commander 2019";"Commander 2019";"Commander 2019";C19;506;2019-08-23T00:00:00+0200;1;1
2694;"Throne of Eldraine: Promos";"Throne of Eldraine: Promos";"Throne of Eldraine: Promos";"Throne of Eldraine: Promos";"Throne of Eldraine: Promos";PELD;179;2019-09-27T00:00:00+0200;1;1
2582;"Throne of Eldraine";"Throne of Eldraine";"Throne of Eldraine";"Throne of Eldraine";"Throne of Eldraine";ELD;529;2019-10-04T00:00:00+0200;1;1
2587;"Throne of Eldraine: Extras";"Throne of Eldraine: Extras";"Throne of Eldraine: Extras";"Throne of Eldraine: Extras";"Throne of Eldraine: Extras";XELD;530;2019-10-04T00:00:00+0200;1;1
2699;"Ponies: The Galloping";"Ponies: The Galloping";"Ponies: The Galloping";"Ponies: The Galloping";"Ponies: The Galloping";PTG;534;2019-10-22T00:00:00+0200;1;1
2804;"Game Night 2019";"Game Night 2019";"Game Night 2019";"Game Night 2019";"Game Night 2019";GN2;536;2019-11-15T00:00:00+0100;;1
